<?xml version="1.0" encoding="ISO-8859-1"?>
<!-- Copyright (c) 2016-2019, The Linux Foundation. All rights reserved.    -->
<!--                                                                        -->
<!-- Redistribution and use in source and binary forms, with or without     -->
<!-- modification, are permitted provided that the following conditions are -->
<!-- met:                                                                   -->
<!--     * Redistributions of source code must retain the above copyright   -->
<!--       notice, this list of conditions and the following disclaimer.    -->
<!--     * Redistributions in binary form must reproduce the above          -->
<!--       copyright notice, this list of conditions and the following      -->
<!--       disclaimer in the documentation and/or other materials provided  -->
<!--       with the distribution.                                           -->
<!--     * Neither the name of The Linux Foundation nor the names of its    -->
<!--       contributors may be used to endorse or promote products derived  -->
<!--       from this software without specific prior written permission.    -->
<!--                                                                        -->
<!-- THIS SOFTWARE IS PROVIDED "AS IS" AND ANY EXPRESS OR IMPLIED           -->
<!-- WARRANTIES, INCLUDING, BUT NOT LIMITED TO, THE IMPLIED WARRANTIES OF   -->
<!-- MERCHANTABILITY, FITNESS FOR A PARTICULAR PURPOSE AND NON-INFRINGEMENT -->
<!-- ARE DISCLAIMED.  IN NO EVENT SHALL THE COPYRIGHT OWNER OR CONTRIBUTORS -->
<!-- BE LIABLE FOR ANY DIRECT, INDIRECT, INCIDENTAL, SPECIAL, EXEMPLARY, OR -->
<!-- CONSEQUENTIAL DAMAGES (INCLUDING, BUT NOT LIMITED TO, PROCUREMENT OF   -->
<!-- SUBSTITUTE GOODS OR SERVICES; LOSS OF USE, DATA, OR PROFITS; OR        -->
<!-- BUSINESS INTERRUPTION) HOWEVER CAUSED AND ON ANY THEORY OF LIABILITY,  -->
<!-- WHETHER IN CONTRACT, STRICT LIABILITY, OR TORT (INCLUDING NEGLIGENCE   -->
<!-- OR OTHERWISE) ARISING IN ANY WAY OUT OF THE USE OF THIS SOFTWARE, EVEN -->
<!-- IF ADVISED OF THE POSSIBILITY OF SUCH DAMAGE.                          -->
<!--                                                                        -->
<!-- Changes from Qualcomm Innovation Center are provided under the following license: -->
<!-- Copyright (c) 2023-2024 Qualcomm Innovation Center, Inc. All rights reserved. -->
<!-- SPDX-License-Identifier: BSD-3-Clause-Clear                            -->
<mixer>
    <!-- These are the initial mixer settings -->
    <ctl name="MultiMedia5 Mixer AFE_PCM_TX" value="0" />
    <ctl name="MultiMedia1 Mixer TERT_TDM_TX_0" value="0" />
    <ctl name="MultiMedia8 Mixer TERT_TDM_TX_0" value="0" />
    <ctl name="MultiMedia10 Mixer AFE_PCM_TX" value="0" />
    <ctl name="TERT_TDM_RX_0 Audio Mixer MultiMedia1" value="0" />
    <ctl name="TERT_TDM_RX_0 Audio Mixer MultiMedia4" value="0" />
    <ctl name="TERT_TDM_RX_0 Audio Mixer MultiMedia5" value="0" />
    <ctl name="TERT_TDM_RX_0 Audio Mixer MultiMedia7" value="0" />
    <ctl name="TERT_TDM_RX_0 Audio Mixer MultiMedia8" value="0" />
    <ctl name="TERT_TDM_RX_0 Audio Mixer MultiMedia10" value="0" />
    <ctl name="TERT_TDM_RX_0 Audio Mixer MultiMedia11" value="0" />
    <ctl name="TERT_TDM_RX_0 Audio Mixer MultiMedia12" value="0" />
    <ctl name="TERT_TDM_RX_0 Audio Mixer MultiMedia13" value="0" />
    <ctl name="TERT_TDM_RX_0 Audio Mixer MultiMedia14" value="0" />
    <ctl name="TERT_TDM_RX_0 Audio Mixer MultiMedia15" value="0" />
    <ctl name="TERT_TDM_RX_0 Audio Mixer MultiMedia16" value="0" />
    <ctl name="TERT_TDM_RX_0 Audio Mixer MultiMedia4" value="0" />
    <!-- echo reference -->
    <ctl name="AUDIO_REF_EC_UL1 MUX" value="None" />
    <!-- usb headset -->
    <ctl name="AFE_PCM_RX Audio Mixer MultiMedia1" value="0" />
    <ctl name="AFE_PCM_RX Audio Mixer MultiMedia2" value="0" />
    <ctl name="AFE_PCM_RX Audio Mixer MultiMedia4" value="0" />
    <ctl name="AFE_PCM_RX Audio Mixer MultiMedia7" value="0" />
    <ctl name="AFE_PCM_RX Audio Mixer MultiMedia10" value="0" />
    <ctl name="AFE_PCM_RX Audio Mixer MultiMedia11" value="0" />
    <ctl name="AFE_PCM_RX Audio Mixer MultiMedia12" value="0" />
    <ctl name="AFE_PCM_RX Audio Mixer MultiMedia13" value="0" />
    <ctl name="AFE_PCM_RX Audio Mixer MultiMedia14" value="0" />
    <ctl name="AFE_PCM_RX Audio Mixer MultiMedia15" value="0" />
    <ctl name="AFE_PCM_RX Audio Mixer MultiMedia16" value="0" />
    <ctl name="MultiMedia1 Mixer AFE_PCM_TX" value="0" />
    <ctl name="AFE_PCM_RX Audio Mixer MultiMedia5" value="0" />
    <!-- usb headset end -->

    <!-- RT Proxy Cal -->
    <ctl name="RT_PROXY_1_RX SetCalMode" value="CAL_MODE_NONE" />
    <ctl name="RT_PROXY_1_TX SetCalMode" value="CAL_MODE_NONE" />
    <!-- RT Proxy Cal end -->

    <ctl name="AFE_PCM_RX Audio Mixer MultiMedia3" value="0" />

    <!-- hfp-sco -->
    <ctl name="TERT_TDM_RX_2 Audio Mixer MultiMedia21" value="0" />
    <ctl name="MultiMedia21 Mixer AUX_PCM_UL_TX" value="0" />
    <ctl name="AUX_PCM_RX Audio Mixer MultiMedia6" value="0" />
    <ctl name="MultiMedia6 Mixer TERT_TDM_TX_0" value="0" />

    <!-- icc-call and anc-loopback -->
    <ctl name="SEC_TDM_RX_0 Audio Mixer MultiMedia9" value="0" />
    <ctl name="MultiMedia9 Mixer TERT_TDM_TX_0" value="0" />

    <path name="synth-loopback">
        <ctl name="TERT_TDM_RX_0 Channels" value="Six" />
        <ctl name="TERT_TDM_RX_0 Audio Mixer MultiMedia9" value="1" />
        <ctl name="TERT_TDM_TX_0 Channels" value="Four" />
        <ctl name="MultiMedia9 Mixer TERT_TDM_TX_0" value="1" />
    </path>
    <!-- These are audio route (FE to BE) specific mixer settings -->

    <!-- EC Reference -->
    <ctl name="EC Reference Channels" value="Zero" />
    <ctl name="EC Reference SampleRate" value="0" />
    <ctl name="EC Reference Bit Format" value="0" />
    <!-- EC Reference end -->

    <path name="echo-reference">
        <ctl name="AUDIO_REF_EC_UL1 MUX" value="TERT_TDM_RX_2" />
        <ctl name="EC Reference Channels" value="One" />
        <ctl name="EC Reference Bit Format" value="S16_LE" />
        <ctl name="EC Reference SampleRate" value="48000" />
    </path>

    <path name="echo-reference-voip">
        <path name="echo-reference" />
    </path>

    <path name="echo-reference headphones">
        <ctl name="AUDIO_REF_EC_UL1 MUX" value="SLIM_6_RX" />
    </path>

    <path name="echo-reference display-port">
        <ctl name="AUDIO_REF_EC_UL1 MUX" value="DISPLAY_PORT" />
    </path>

    <path name="echo-reference headphones-44.1">
    </path>

    <path name="multi-mic-echo-reference">
        <ctl name="SEC_TDM_TX_0 SampleRate" value="KHZ_16" />
        <ctl name="SEC_TDM_TX_0 Channels" value="Six" />
        <ctl name="MultiMedia2 Mixer SEC_TDM_TX_0" value="1" />
        <ctl name="AUDIO_REF_EC_UL1 MUX" value="SEC_TDM_TX_0" />
        <!-- EC Reference supports up to Eight channels -->
        <ctl name="EC Reference Channels" value="Four" />
        <!-- ctl name="EC Reference SampleRate" supports 8000, 16000, 32000,
             44100, 48000, 96000, 192000, 384000 -->
        <!-- ctl name="EC Reference Bit Format" supports S16_LE and S24_LE -->
    </path>

    <path name="deep-buffer-playback">
        <ctl name="TERT_TDM_RX_0 Channels" value="Six" />
        <ctl name="TERT_TDM_RX_0 Audio Mixer MultiMedia1" value="1" />
    </path>

    <path name="deep-buffer-playback speaker-protected">
        <path name="deep-buffer-playback" />
    </path>

    <path name="deep-buffer-playback afe-proxy">
        <ctl name="AFE_PCM_RX Audio Mixer MultiMedia1" value="1" />
    </path>

    <path name="low-latency-playback">
        <ctl name="TERT_TDM_RX_0 Channels" value="Six" />
        <ctl name="TERT_TDM_RX_0 Audio Mixer MultiMedia5" value="1" />
    </path>

    <path name="low-latency-playback speaker-protected">
        <path name="low-latency-playback" />
    </path>

    <path name="low-latency-playback afe-proxy">
        <ctl name="AFE_PCM_RX Audio Mixer MultiMedia5" value="1" />
    </path>

    <path name="low-latency-playback resume">
        <ctl name="MultiMedia5_RX QOS Vote" value="Enable" />
    </path>

    <path name="audio-ull-playback">
        <ctl name="TERT_TDM_RX_0 Channels" value="Six" />
        <ctl name="TERT_TDM_RX_0 Audio Mixer MultiMedia8" value="1" />
    </path>

    <path name="audio-ull-playback speaker-protected">
        <path name="audio-ull-playback" />
    </path>

    <path name="audio-ull-playback afe-proxy">
        <ctl name="AFE_PCM_RX Audio Mixer MultiMedia8" value="1" />
    </path>

    <path name="multi-channel-playback afe-proxy">
        <ctl name="AFE_PCM_RX Audio Mixer MultiMedia2" value="1" />
    </path>

    <path name="compress-offload-playback">
        <ctl name="TERT_TDM_RX_0 Channels" value="Six" />
        <ctl name="TERT_TDM_RX_0 Audio Mixer MultiMedia4" value="1" />
    </path>

    <path name="compress-offload-playback speaker-protected">
        <path name="compress-offload-playback" />
    </path>

    <path name="compress-offload-playback afe-proxy">
        <ctl name="AFE_PCM_RX Audio Mixer MultiMedia4" value="1" />
    </path>

    <path name="compress-offload-playback2">
        <ctl name="TERT_TDM_RX_0 Channels" value="Six" />
        <ctl name="TERT_TDM_RX_0 Audio Mixer MultiMedia7" value="1" />
    </path>

    <path name="compress-offload-playback2 afe-proxy">
        <ctl name="AFE_PCM_RX Audio Mixer MultiMedia7" value="1" />
    </path>

    <path name="compress-offload-playback3">
        <ctl name="TERT_TDM_RX_0 Channels" value="Six" />
        <ctl name="TERT_TDM_RX_0 Audio Mixer MultiMedia10" value="1" />
    </path>

    <path name="compress-offload-playback3 afe-proxy">
        <ctl name="AFE_PCM_RX Audio Mixer MultiMedia10" value="1" />
    </path>

    <path name="compress-offload-playback4">
        <ctl name="TERT_TDM_RX_0 Channels" value="Six" />
        <ctl name="TERT_TDM_RX_0 Audio Mixer MultiMedia11" value="1" />
    </path>

    <path name="voice-call">
        <!-- Added AFE loopback ctrl path for CS-Voice call-->
        <ctl name="TERT_TDM_RX_0 Port Mixer AUX_PCM_UL_TX" value="1" />
        <ctl name="AUX_PCM_RX Port Mixer TERT_TDM_TX_0" value="1" />
    </path>

    <path name="compress-offload-playback4 afe-proxy">
        <ctl name="AFE_PCM_RX Audio Mixer MultiMedia11" value="1" />
    </path>

    <path name="compress-offload-playback5">
        <ctl name="TERT_TDM_RX_0 Channels" value="Six" />
        <ctl name="TERT_TDM_RX_0 Audio Mixer MultiMedia12" value="1" />
    </path>

    <path name="compress-offload-playback5 afe-proxy">
        <ctl name="AFE_PCM_RX Audio Mixer MultiMedia12" value="1" />
    </path>

    <path name="compress-offload-playback6">
        <ctl name="TERT_TDM_RX_0 Channels" value="Six" />
        <ctl name="TERT_TDM_RX_0 Audio Mixer MultiMedia13" value="1" />
    </path>

    <path name="compress-offload-playback6 afe-proxy">
        <ctl name="AFE_PCM_RX Audio Mixer MultiMedia13" value="1" />
    </path>

    <path name="compress-offload-playback7">
        <ctl name="TERT_TDM_RX_0 Channels" value="Six" />
        <ctl name="TERT_TDM_RX_0 Audio Mixer MultiMedia14" value="1" />
    </path>

    <path name="compress-offload-playback7 afe-proxy">
        <ctl name="AFE_PCM_RX Audio Mixer MultiMedia14" value="1" />
    </path>

    <path name="compress-offload-playback8">
        <ctl name="TERT_TDM_RX_0 Channels" value="Six" />
        <ctl name="TERT_TDM_RX_0 Audio Mixer MultiMedia15" value="1" />
    </path>

    <path name="compress-offload-playback8 afe-proxy">
        <ctl name="AFE_PCM_RX Audio Mixer MultiMedia15" value="1" />
    </path>

    <path name="compress-offload-playback9">
        <ctl name="TERT_TDM_RX_0 Channels" value="Six" />
        <ctl name="TERT_TDM_RX_0 Audio Mixer MultiMedia16" value="1" />
    </path>

    <path name="compress-offload-playback9 afe-proxy">
        <ctl name="AFE_PCM_RX Audio Mixer MultiMedia16" value="1" />
    </path>

    <!-- The following use cases are used for car streams  -->
    <path name="media-playback">
        <ctl name="TERT_TDM_RX_0 Channels" value="Six" />
        <ctl name="TERT_TDM_RX_0 Audio Mixer MultiMedia1" value="1" />
    </path>

    <path name="media-playback-ll">
        <ctl name="TERT_TDM_RX_0 Channels" value="Six" />
        <ctl name="TERT_TDM_RX_0 Audio Mixer MultiMedia10" value="1" />
    </path>

    <path name="sys-notification-playback sys-bus-out">
        <ctl name="TERT_TDM_RX_0 Channels" value="Six" />
        <ctl name="TERT_TDM_RX_0 Audio Mixer MultiMedia5" value="1" />
    </path>

    <path name="nav-guidance-playback nav-bus-out">
        <ctl name="TERT_TDM_RX_1 Channels" value="One" />
        <ctl name="TERT_TDM_RX_1 Audio Mixer MultiMedia2" value="1" />
    </path>

    <path name="nav-guidance-playback-ll nav-bus-out">
        <ctl name="TERT_TDM_RX_1 Channels" value="One" />
        <ctl name="TERT_TDM_RX_1 Audio Mixer MultiMedia36" value="1" />
    </path>

    <path name="phone-playback phone-bus-out">
        <ctl name="TERT_TDM_RX_2 Channels" value="One" />
        <ctl name="TERT_TDM_RX_2 Audio Mixer MultiMedia10" value="1" />
    </path>

    <path name="phone-playback-ll phone-bus-out">
        <ctl name="TERT_TDM_RX_2 Channels" value="One" />
        <ctl name="TERT_TDM_RX_2 Audio Mixer MultiMedia10" value="1" />
    </path>

    <path name="alerts-playback alerts-bus-out">
        <ctl name="TERT_TDM_RX_0 Channels" value="Six" />
        <ctl name="TERT_TDM_RX_0 Audio Mixer MultiMedia31" value="1" />
    </path>

    <path name="alerts-playback-ll alerts-bus-out">
        <ctl name="TERT_TDM_RX_0 Channels" value="Six" />
        <ctl name="TERT_TDM_RX_0 Audio Mixer MultiMedia36" value="1" />
    </path>

    <path name="front-passenger-playback pax-bus-out">
        <ctl name="QUAT_TDM_RX_0 Channels" value="Eight" />
        <ctl name="QUAT_TDM_RX_0 Audio Mixer MultiMedia23" value="1" />
    </path>

    <path name="rear-seat-playback rse-bus-out">
        <ctl name="QUAT_TDM_RX_1 Channels" value="Eight" />
        <ctl name="QUAT_TDM_RX_1 Audio Mixer MultiMedia22" value="1" />
    </path>

    <path name="audio-record">
        <ctl name="TERT_TDM_TX_0 Channels" value="Four" />
        <ctl name="MultiMedia1 Mixer TERT_TDM_TX_0" value="1" />
        <ctl name="TERT_TDM_TX_0 ADM Channels" value="Four" />
    </path>

    <path name="audio-record2">
        <ctl name="TERT_TDM_TX_0 Channels" value="Four" />
        <ctl name="MultiMedia33 Mixer TERT_TDM_TX_0" value="1" />
        <ctl name="TERT_TDM_TX_0 ADM Channels" value="Four" />
    </path>

    <path name="audio-record3">
        <ctl name="TERT_TDM_TX_0 Channels" value="Four" />
        <ctl name="MultiMedia34 Mixer TERT_TDM_TX_0" value="1" />
        <ctl name="TERT_TDM_TX_0 ADM Channels" value="Four" />
    </path>

    <path name="front-passenger-record">
        <ctl name="QUAT_TDM_TX_0 Channels" value="Eight" />
        <ctl name="MultiMedia23 Mixer QUAT_TDM_TX_0" value="1" />
    </path>

    <path name="rear-seat-record">
        <ctl name="QUAT_TDM_TX_0 Channels" value="Eight" />
        <ctl name="MultiMedia22 Mixer QUAT_TDM_TX_0" value="1" />
    </path>

    <path name="audio-record capture-fm">
        <ctl name="TERT_TDM_TX_0 Channels" value="One" />
        <ctl name="MultiMedia1 Mixer TERT_TDM_TX_0" value="1" />
    </path>

    <path name="echo-reference-external">
        <ctl name="MultiMedia2 Mixer SEC_TDM_TX_0" value="1" />
    </path>

    <path name="audio-record-compress">
        <ctl name="TERT_TDM_TX_0 Channels" value="One" />
        <ctl name="MultiMedia8 Mixer TERT_TDM_TX_0" value="1" />
    </path>

    <path name="low-latency-record">
        <ctl name="TERT_TDM_TX_0 Channels" value="One" />
      <ctl name="MultiMedia32 Mixer TERT_TDM_TX_0" value="1" />
    </path>

    <path name="low-latency-record2">
        <ctl name="TERT_TDM_TX_0 Channels" value="One" />
        <ctl name="MultiMedia35 Mixer TERT_TDM_TX_0" value="1" />
    </path>

    <path name="audio-record-voip">
        <ctl name="TERT_TDM_TX_0 Channels" value="Four" />
        <ctl name="MultiMedia10 Mixer TERT_TDM_TX_0" value="1" />
        <ctl name="TERT_TDM_TX_0 ADM Channels" value="Four" />
    </path>

    <path name="low-latency-record capture-fm">
        <ctl name="TERT_TDM_TX_0 Channels" value="One" />
      <ctl name="MultiMedia8 Mixer TERT_TDM_TX_0" value="1" />
    </path>

    <path name="fm-virtual-record capture-fm">
        <ctl name="TERT_TDM_TX_0 Channels" value="One" />
        <ctl name="MultiMedia2 Mixer TERT_TDM_TX_0" value="1" />
    </path>

    <path name="icc-call">
        <ctl name="TERT_TDM_RX_0 Channels" value="Six" />
        <ctl name="TERT_TDM_RX_0 Audio Mixer MultiMedia9" value="1" />
        <ctl name="TERT_TDM_TX_0 Channels" value="Four" />
        <ctl name="MultiMedia9 Mixer TERT_TDM_TX_0" value="1" />
    </path>

    <path name="anc-loopback">
        <ctl name="SEC_TDM_RX_0 Channels" value="Four" />
        <ctl name="SEC_TDM_RX_0 Audio Mixer MultiMedia9" value="1" />
        <ctl name="TERT_TDM_TX_0 Channels" value="Four" />
        <ctl name="MultiMedia9 Mixer TERT_TDM_TX_0" value="1" />
    </path>

    <path name="hfp-sco headphones">
    </path>

    <path name="hfp-sco-wb headphones">
        <path name="hfp-sco headphones" />
    </path>

    <path name="hfp-sco">
        <ctl name="AUX_PCM_RX Audio Mixer MultiMedia6" value="1" />
        <ctl name="MultiMedia6 Mixer TERT_TDM_TX_0" value="1" />
    </path>

    <path name="hfp-sco bt-sco">
        <ctl name="TERT_TDM_TX_0 Channels" value="Four" />
        <ctl name="TERT_TDM_TX_0 ADM Channels" value="One" />
        <path name="hfp-sco" />
    </path>

    <path name="hfp-sco bt-sco-mmsecns">
        <ctl name="TERT_TDM_TX_0 Channels" value="Four" />
        <ctl name="TERT_TDM_TX_0 ADM Channels" value="Four" />
        <path name="hfp-sco" />
    </path>

    <path name="hfp-sco-wb">
        <ctl name="PRIM_AUX_PCM_RX SampleRate" value="KHZ_16" />
        <path name="hfp-sco" />
    </path>

    <path name="hfp-sco-wb bt-sco-wb">
        <ctl name="TERT_TDM_TX_0 Channels" value="Four" />
        <ctl name="TERT_TDM_TX_0 ADM Channels" value="One" />
        <path name="hfp-sco-wb" />
    </path>

    <path name="hfp-sco-wb bt-sco-mmsecns">
        <ctl name="TERT_TDM_TX_0 Channels" value="Four" />
        <ctl name="TERT_TDM_TX_0 ADM Channels" value="Four" />
        <path name="hfp-sco-wb" />
    </path>

    <path name="hfp-sco-downlink">
        <ctl name="TERT_TDM_RX_2 Audio Mixer MultiMedia21" value="1" />
        <ctl name="MultiMedia21 Mixer AUX_PCM_UL_TX" value="1" />
    </path>

    <path name="hfp-sco-wb-downlink">
        <ctl name="PRIM_AUX_PCM_TX SampleRate" value="KHZ_16" />
        <path name="hfp-sco-downlink" />
    </path>

    <!-- VoIP Rx settings -->
    <path name="audio-playback-voip">
        <ctl name="TERT_TDM_RX_0 Channels" value="Six" />
        <ctl name="TERT_TDM_RX_0 Audio Mixer MultiMedia10" value="1" />
    </path>

    <path name="audio-playback-voip afe-proxy">
        <ctl name="AFE_PCM_RX Audio Mixer MultiMedia10" value="1" />
    </path>

    <!-- VoIP Tx settings -->

    <path name="spkr-vi-record">
    </path>

    <!-- These are actual sound device specific mixer settings -->
    <path name="amic1">
    </path>

    <path name="amic2">
    </path>

    <!-- For Tavil, DMIC numbered from 0 to 5 -->
    <path name="dmic1">
    </path>

    <path name="dmic2">
    </path>

    <path name="dmic3">
    </path>

    <path name="dmic4">
    </path>

    <path name="dmic5">
    </path>

    <path name="dmic6">
    </path>

    <path name="speaker">
    </path>

    <path name="speaker-mono">
        <ctl name="TERT_TDM_RX_0 Channels" value="One" />
    </path>

    <path name="speaker-mono-2">
    </path>

    <path name="speaker-qrd">
        <path name="speaker-mono-2" />
    </path>

    <path name="speaker-hdk">
        <path name="speaker-mono" />
    </path>

    <path name="speaker-fluid">
        <path name="speaker-mono" />
    </path>

    <path name="speaker-liquid">
        <path name="speaker" />
    </path>

    <path name="speaker-adp">
        <!--ctl name="TERT_TDM_RX_0 Channels" value="Six" /-->
    </path>

    <path name="speaker-custom">
        <!--ctl name="TERT_TDM_RX_0 Channels" value="Six" /-->
    </path>

    <path name="bus-speaker">
        <!--ctl name="TERT_TDM_RX_0 Channels" value="Six" /-->
    </path>

    <path name="bus-mic">
        <!--ctl name="TERT_TDM_TX_0 Channels" value="Four" /-->
    </path>

   <path name="sidetone-iir">
    </path>

    <path name="sidetone-headphones">
        <path name="sidetone-iir" />
    </path>

    <path name="sidetone-handset">
        <path name="sidetone-iir" />
    </path>

    <path name="speaker-mic">
        <path name="dmic3" />
    </path>

    <path name="speaker-mic-liquid">
        <path name="dmic3" />
    </path>

    <path name="speaker-mic-sbc">
    </path>

    <path name="speaker-mic-qrd">
        <path name="dmic1" />
    </path>

    <path name="speaker-protected">
        <path name="speaker" />
    </path>

    <path name="speaker-protected-qrd">
        <path name="speaker-qrd" />
    </path>

    <path name="voice-speaker-protected">
        <path name="speaker-mono" />
    </path>

    <path name="voice-speaker-protected-qrd">
        <path name="speaker-protected-qrd" />
    </path>

    <path name="voice-speaker-stereo-protected">
        <path name="speaker-protected" />
    </path>

    <path name="voice-speaker-2-protected">
        <path name="speaker-mono-2" />
    </path>

    <path name="vi-feedback">
    </path>

    <path name="vi-feedback-mono-1">
    </path>

    <path name="vi-feedback-mono-2">
    </path>

    <path name="handset">
    </path>

    <path name="handset-qrd">
    </path>

    <path name="handset-mic">
        <path name="dmic3" />
    </path>

    <path name="handset-mic-db">
    </path>

    <path name="handset-mic-cdp">
        <path name="amic1" />
    </path>

    <path name="handset-mic-sbc">
    </path>

    <path name="three-mic">
    </path>

    <path name="three-mic-qrd">
    </path>

    <path name="anc-handset">
    </path>

    <path name="headphones">
    </path>

    <path name="headphones-44.1">
    </path>

    <path name="asrc-mode">
    </path>

    <path name="headphones-dsd">
    </path>

    <path name="hph-highquality-mode">
    </path>

    <path name="hph-lowpower-mode">
    </path>

    <path name="true-native-mode">
    </path>

    <path name="line">
        <path name="headphones" />
    </path>

    <path name="headset-mic">
        <path name="amic2" />
    </path>

    <path name="headset-mic-liquid">
        <path name="amic2" />
    </path>

    <path name="voice-handset">
        <path name="handset" />
    </path>

    <path name="voice-handset-tmus">
        <path name="handset" />
    </path>

    <path name="voice-handset-qrd">
        <path name="handset-qrd" />
    </path>

    <path name="voice-handset-tmus-qrd">
        <path name="handset-qrd" />
    </path>

    <path name="voice-handset-hdk">
        <path name="handset-qrd" />
    </path>

    <path name="voice-handset-tmus-hdk">
        <path name="handset-qrd" />
    </path>

    <path name="voice-speaker">
        <path name="speaker-mono" />
    </path>

    <path name="voice-speaker-stereo">
        <path name="speaker" />
    </path>

    <path name="voice-speaker-qrd">
        <path name="speaker-mono-2" />
    </path>

    <path name="voice-speaker-hdk">
        <path name="speaker-mono" />
    </path>

    <path name="voice-speaker-hfp">
        <path name="speaker-mono" />
    </path>

    <path name="voice-speaker-2">
        <path name="speaker-mono-2" />
    </path>

    <path name="voice-speaker-fluid">
        <path name="speaker-fluid" />
    </path>

    <path name="voice-speaker-mic">
        <path name="speaker-mic" />
    </path>

    <path name="voice-speaker-mic-qrd">
        <path name="speaker-mic-qrd" />
    </path>

    <path name="voice-speaker-mic-hfp">
        <path name="speaker-mic" />
    </path>

    <path name="voice-speaker-mic-hfp-mmsecns">
        <path name="speaker-mic" />
    </path>

    <path name="voice-headphones">
        <path name="headphones" />
    </path>

    <path name="voice-line">
        <path name="voice-headphones" />
    </path>

    <path name="voice-headset-mic">
        <path name="headset-mic" />
    </path>

    <path name="speaker-and-headphones">
        <path name="headphones" />
        <path name="speaker" />
    </path>

    <path name="speaker-and-line">
        <path name="speaker-and-headphones" />
    </path>

    <path name="speaker-and-headphones-liquid">
        <path name="headphones" />
        <path name="speaker" />
    </path>

    <path name="speaker-and-line-liquid">
        <path name="speaker-and-headphones-liquid" />
    </path>

    <path name="usb-headphones">
    </path>

    <path name="usb-headset">
    </path>

    <path name="afe-proxy">
    </path>

    <path name="anc-headphones">
    </path>

    <path name="speaker-and-anc-headphones">
        <path name="anc-headphones" />
        <path name="speaker" />
    </path>

    <path name="anc-fb-headphones">
        <path name="anc-headphones" />
    </path>

    <path name="speaker-and-anc-fb-headphones">
        <path name="anc-fb-headphones" />
        <path name="speaker" />
    </path>

    <path name="voice-anc-headphones">
        <path name="anc-headphones" />
    </path>

    <path name="voice-anc-fb-headphones">
        <path name="anc-fb-headphones" />
    </path>

    <path name="speaker-and-anc-headphones-liquid">
        <path name="anc-headphones" />
    </path>

    <path name="display-port">
    </path>

    <path name="speaker-and-usb-headphones">
        <path name="speaker" />
        <path name="usb-headphones" />
    </path>

    <path name="speaker-and-display-port">
        <path name="speaker" />
        <path name="display-port" />
    </path>

    <path name="voice-rec-mic">
        <path name="handset-mic" />
    </path>

    <path name="camcorder-mic">
        <path name="handset-mic" />
    </path>

    <path name="bt-sco-headset">
    </path>

    <path name="bt-sco-mic">
    </path>

    <path name="bt-sco-headset-wb">
    </path>

    <path name="bt-sco-mic-wb">
    </path>

    <path name="usb-headset-mic">
    </path>

    <path name="capture-fm">
    </path>

    <path name="aanc-path">
    </path>

    <path name="aanc-handset-mic">
    </path>

    <path name="aanc-handset-mic-qrd">
    </path>

    <!-- Dual MIC devices -->
    <path name="handset-dmic-endfire">
    </path>

    <path name="speaker-dmic-endfire">
    </path>

    <path name="handset-dmic-endfire-qrd">
    </path>

    <path name="speaker-dmic-endfire-qrd">
    </path>

    <path name="dmic-endfire">
        <path name="handset-dmic-endfire" />
    </path>

    <path name="dmic-endfire-liquid">
        <path name="handset-dmic-endfire" />
    </path>

    <path name="dmic-endfire-qrd">
        <path name="handset-dmic-endfire-qrd" />
    </path>

    <path name="handset-stereo-dmic-ef">
        <path name="handset-dmic-endfire" />
    </path>

    <path name="speaker-stereo-dmic-ef">
        <path name="speaker-dmic-endfire" />
    </path>

    <path name="voice-dmic-ef-tmus">
        <path name="dmic-endfire" />
    </path>

    <path name="voice-dmic-ef">
        <path name="dmic-endfire" />
    </path>

    <path name="voice-speaker-dmic-ef">
        <path name="speaker-dmic-endfire" />
    </path>

    <path name="voice-rec-dmic-ef">
        <path name="dmic-endfire" />
    </path>

    <path name="voice-rec-dmic-ef-fluence">
        <path name="dmic-endfire" />
    </path>

    <path name="handset-stereo-dmic-ef-liquid">
        <path name="handset-dmic-endfire" />
    </path>

    <path name="speaker-stereo-dmic-ef-liquid">
        <path name="speaker-dmic-endfire" />
    </path>

    <path name="voice-dmic-ef-liquid-liquid">
        <path name="dmic-endfire-liquid" />
    </path>

    <path name="voice-speaker-dmic-ef-liquid">
        <path name="dmic-endfire-liquid" />
    </path>

    <path name="voice-rec-dmic-ef-liquid">
        <path name="dmic-endfire-liquid" />
    </path>

    <path name="voice-rec-dmic-ef-fluence-liquid">
        <path name="dmic-endfire-liquid" />
    </path>

    <path name="handset-stereo-dmic-ef-qrd">
        <path name="handset-dmic-endfire-qrd" />
    </path>

    <path name="speaker-stereo-dmic-ef-qrd">
        <path name="speaker-dmic-endfire-qrd" />
    </path>

    <path name="voice-dmic-ef-qrd">
        <path name="dmic-endfire-qrd" />
    </path>

    <path name="voice-speaker-dmic-ef-qrd">
        <path name="speaker-dmic-endfire-qrd" />
    </path>

    <path name="speaker-dmic-broadside">
    </path>

    <path name="dmic-broadside">
        <path name="speaker-dmic-broadside" />
    </path>

    <path name="voice-speaker-dmic-broadside">
        <path name="dmic-broadside" />
    </path>

    <!-- Tri MIC devices -->
    <path name="speaker-tmic">
    </path>

    <path name="speaker-tmic-qrd">
    </path>

    <path name="voice-speaker-tmic">
        <path name="speaker-tmic" />
    </path>

    <path name="voice-speaker-tmic-qrd">
        <path name="speaker-tmic-qrd" />
    </path>

    <!-- Quad MIC devices -->
    <path name="speaker-qmic">
        <ctl name="TERT_TDM_TX_0 Channels" value="Four" />
        <ctl name="MultiMedia1 Mixer TERT_TDM_TX_0" value="1" />
    </path>

    <path name="speaker-qmic-qrd">
    </path>

    <path name="speaker-qmic-liquid">
    </path>

    <path name="voice-speaker-qmic">
        <path name="speaker-qmic" />
    </path>

    <path name="quad-mic">
        <path name="speaker-qmic" />
    </path>

    <path name="voice-speaker-qmic-liquid">
        <path name="speaker-qmic-liquid" />
    </path>

    <path name="quad-mic-liquid">
        <path name="speaker-qmic-liquid" />
    </path>

    <path name="quad-mic-qrd">
        <path name="speaker-qmic-qrd" />
    </path>

    <path name="voice-speaker-qmic-qrd">
        <path name="speaker-qmic-qrd" />
    </path>

    <!-- TTY devices -->

    <path name="tty-headphones">
    </path>

    <path name="voice-tty-full-headset-mic">
        <path name="amic2" />
    </path>

    <path name="voice-tty-hco-headset-mic">
        <path name="voice-tty-full-headset-mic" />
    </path>

    <path name="voice-tty-vco-handset-mic">
        <path name="dmic1" />
    </path>

    <path name="unprocessed-handset-mic">
        <path name="handset-mic" />
    </path>

    <path name="unprocessed-mic">
        <path name="unprocessed-handset-mic" />
    </path>

    <path name="unprocessed-stereo-mic">
        <path name="voice-rec-dmic-ef" />
    </path>

    <path name="unprocessed-three-mic">
        <path name="three-mic" />
    </path>

    <path name="unprocessed-quad-mic">
        <path name="quad-mic" />
    </path>

    <path name="unprocessed-headset-mic">
        <path name="headset-mic" />
    </path>

    <!-- USB TTY start -->

    <!-- full: both end tty -->

    <path name="voice-tty-full-usb-mic">
        <path name="usb-headset-mic" />
    </path>

    <!-- hco, in: tty, out: speaker, use existing handset -->
    <path name="voice-tty-hco-usb-mic">
        <path name="voice-tty-full-usb-mic" />
    </path>

    <!-- USB TTY end   -->

    <!-- Added for ADSP testfwk -->

    <path name="mmap-playback">
        <ctl name="TERT_TDM_RX_0 Audio Mixer MultiMedia16" value="1" />
    </path>

    <path name="mmap-playback sys-bus-out">
        <ctl name="TERT_TDM_RX_0 Audio Mixer MultiMedia16" value="1" />
    </path>

    <path name="mmap-playback nav-bus-out">
        <ctl name="TERT_TDM_RX_1 Audio Mixer MultiMedia16" value="1" />
    </path>

    <path name="mmap-playback phone-bus-out">
        <ctl name="TERT_TDM_RX_2 Audio Mixer MultiMedia16" value="1" />
    </path>

    <path name="mmap-playback pax-bus-out">
        <ctl name="QUAT_TDM_RX_0 Audio Mixer MultiMedia16" value="1" />
    </path>

    <path name="mmap-playback rse-bus-out">
        <ctl name="QUIN_TDM_RX_0 Audio Mixer MultiMedia16" value="1" />
    </path>

    <path name="mmap-playback afe-proxy">
        <ctl name="AFE_PCM_RX Audio Mixer MultiMedia16" value="1" />
    </path>

    <path name="mmap-record">
        <ctl name="MultiMedia16 Mixer TERT_TDM_TX_0" value="1" />
    </path>

    <path name="hifi-playback afe-proxy">
        <ctl name="AFE_PCM_RX Audio Mixer MultiMedia2" value="1" />
    </path>

</mixer>
