<?xml version="1.0" encoding="ISO-8859-1"?>
<!--- Copyright (c) 2020, The Linux Foundation. All rights reserved.       -->
<!---                                                                           -->
<!--- Redistribution and use in source and binary forms, with or without        -->
<!--- modification, are permitted provided that the following conditions are    -->
<!--- met:                                                                      -->
<!---     * Redistributions of source code must retain the above copyright      -->
<!---       notice, this list of conditions and the following disclaimer.       -->
<!---     * Redistributions in binary form must reproduce the above             -->
<!---       copyright notice, this list of conditions and the following         -->
<!---       disclaimer in the documentation and/or other materials provided     -->
<!---       with the distribution.                                              -->
<!---     * Neither the name of The Linux Foundation nor the names of its       -->
<!---       contributors may be used to endorse or promote products derived     -->
<!---       from this software without specific prior written permission.       -->
<!---                                                                           -->
<!--- THIS SOFTWARE IS PROVIDED "AS IS" AND ANY EXPRESS OR IMPLIED              -->
<!--- WARRANTIES, INCLUDING, BUT NOT LIMITED TO, THE IMPLIED WARRANTIES OF      -->
<!--- MERCHANTABILITY, FITNESS FOR A PARTICULAR PURPOSE AND NON-INFRINGEMENT    -->
<!--- ARE DISCLAIMED.  IN NO EVENT SHALL THE COPYRIGHT OWNER OR CONTRIBUTORS    -->
<!--- BE LIABLE FOR ANY DIRECT, INDIRECT, INCIDENTAL, SPECIAL, EXEMPLARY, OR    -->
<!--- CONSEQUENTIAL DAMAGES (INCLUDING, BUT NOT LIMITED TO, PROCUREMENT OF      -->
<!--- SUBSTITUTE GOODS OR SERVICES; LOSS OF USE, DATA, OR PROFITS; OR           -->
<!--- BUSINESS INTERRUPTION) HOWEVER CAUSED AND ON ANY THEORY OF LIABILITY,     -->
<!--- WHETHER IN CONTRACT, STRICT LIABILITY, OR TORT (INCLUDING NEGLIGENCE      -->
<!--- OR OTHERWISE) ARISING IN ANY WAY OUT OF THE USE OF THIS SOFTWARE, EVEN    -->
<!--- IF ADVISED OF THE POSSIBILITY OF SUCH DAMAGE.                             -->
<mixer>
    <ctl name="VA DEC0 MUX" value="MSM_DMIC"/>
    <ctl name="VA DEC1 MUX" value="MSM_DMIC"/>
    <path name="listen-voice-wakeup-1 port">
        <ctl name="LSM1 Port" value="VA_CDC_DMA_TX_0"/>
        <ctl name="LPI Enable" value="1"/>
        <ctl name="ADC2_BCS Disable" value="1"/>
    </path>
    <path name="listen-voice-wakeup-2 port">
        <ctl name="LSM2 Port" value="VA_CDC_DMA_TX_0"/>
        <ctl name="LPI Enable" value="1"/>
        <ctl name="ADC2_BCS Disable" value="1"/>
    </path>
    <path name="listen-voice-wakeup-3 port">
        <ctl name="LSM3 Port" value="VA_CDC_DMA_TX_0"/>
        <ctl name="LPI Enable" value="1"/>
        <ctl name="ADC2_BCS Disable" value="1"/>
    </path>
    <path name="listen-voice-wakeup-4 port">
        <ctl name="LSM4 Port" value="VA_CDC_DMA_TX_0"/>
        <ctl name="LPI Enable" value="1"/>
        <ctl name="ADC2_BCS Disable" value="1"/>
    </path>
    <path name="listen-voice-wakeup-5 port">
        <ctl name="LSM5 Port" value="VA_CDC_DMA_TX_0"/>
        <ctl name="LPI Enable" value="1"/>
        <ctl name="ADC2_BCS Disable" value="1"/>
    </path>
    <path name="listen-voice-wakeup-6 port">
        <ctl name="LSM6 Port" value="VA_CDC_DMA_TX_0"/>
        <ctl name="LPI Enable" value="1"/>
        <ctl name="ADC2_BCS Disable" value="1"/>
    </path>
    <path name="listen-voice-wakeup-7 port">
        <ctl name="LSM7 Port" value="VA_CDC_DMA_TX_0"/>
        <ctl name="LPI Enable" value="1"/>
        <ctl name="ADC2_BCS Disable" value="1"/>
    </path>
    <path name="listen-voice-wakeup-8 port">
        <ctl name="LSM8 Port" value="VA_CDC_DMA_TX_0"/>
        <ctl name="LPI Enable" value="1"/>
        <ctl name="ADC2_BCS Disable" value="1"/>
    </path>
    <path name="listen-voice-wakeup-1 preproc port">
        <ctl name="LSM1 Port" value="ADM_LSM_TX"/>
        <ctl name="LPI Enable" value="0"/>
        <ctl name="ADC2_BCS Disable" value="0"/>
    </path>
    <path name="listen-voice-wakeup-2 preproc port">
        <ctl name="LSM2 Port" value="ADM_LSM_TX"/>
        <ctl name="LPI Enable" value="0"/>
        <ctl name="ADC2_BCS Disable" value="0"/>
    </path>
    <path name="listen-voice-wakeup-3 preproc port">
        <ctl name="LSM3 Port" value="ADM_LSM_TX"/>
        <ctl name="LPI Enable" value="0"/>
        <ctl name="ADC2_BCS Disable" value="0"/>
    </path>
    <path name="listen-voice-wakeup-4 preproc port">
        <ctl name="LSM4 Port" value="ADM_LSM_TX"/>
        <ctl name="LPI Enable" value="0"/>
        <ctl name="ADC2_BCS Disable" value="0"/>
    </path>
    <path name="listen-voice-wakeup-5 preproc port">
        <ctl name="LSM5 Port" value="ADM_LSM_TX"/>
        <ctl name="LPI Enable" value="0"/>
        <ctl name="ADC2_BCS Disable" value="0"/>
    </path>
    <path name="listen-voice-wakeup-6 preproc port">
        <ctl name="LSM6 Port" value="ADM_LSM_TX"/>
        <ctl name="LPI Enable" value="0"/>
        <ctl name="ADC2_BCS Disable" value="0"/>
    </path>
    <path name="listen-voice-wakeup-7 preproc port">
        <ctl name="LSM7 Port" value="ADM_LSM_TX"/>
        <ctl name="LPI Enable" value="0"/>
        <ctl name="ADC2_BCS Disable" value="0"/>
    </path>
    <path name="listen-voice-wakeup-8 preproc port">
        <ctl name="LSM8 Port" value="ADM_LSM_TX"/>
        <ctl name="LPI Enable" value="0"/>
        <ctl name="ADC2_BCS Disable" value="0"/>
    </path>
    <path name="listen-ape-handset-mic">
        <ctl name="VA_AIF1_CAP Mixer DEC0" value="1"/>
        <ctl name="VA DEC0 MUX" value="MSM_DMIC"/>
        <ctl name="VA DMIC MUX0" value="DMIC2"/>
    </path>
    <path name="listen-ape-handset-dmic">
        <ctl name="VA_CDC_DMA_TX_0 Channels" value="Two"/>
        <ctl name="VA_AIF1_CAP Mixer DEC0" value="1"/>
        <ctl name="VA_AIF1_CAP Mixer DEC1" value="1"/>
        <ctl name="VA DEC0 MUX" value="MSM_DMIC"/>
        <ctl name="VA DEC1 MUX" value="MSM_DMIC"/>
        <ctl name="VA DMIC MUX0" value="DMIC1"/>
        <ctl name="VA DMIC MUX1" value="DMIC2"/>
    </path>
    <path name="listen-ape-headset-mic">
        <ctl name="VA_AIF1_CAP Mixer DEC0" value="1"/>
        <ctl name="VA DEC0 MUX" value="SWR_MIC"/>
        <ctl name="VA SMIC MUX0" value="SWR_MIC4"/>
        <ctl name="ADC2_MIXER Switch" value="1"/>
        <ctl name="ADC2 MUX" value="INP2"/>
        <ctl name="VA_DEC0 MODE" value="ADC_LOW_PWR"/>
        <ctl name="ADC2 ChMap" value="SWRM_TX2_CH1"/>
    </path>
    <path name="echo-reference">
        <ctl name="AUDIO_REF_EC_UL1 MUX" value="RX_CDC_DMA_RX_1"/>
        <ctl name="EC Reference Channels" value="One"/>
        <ctl name="EC Reference Bit Format" value="S16_LE"/>
        <ctl name="EC Reference SampleRate" value="48000"/>
    </path>
    <path name="echo-reference handset">
        <ctl name="AUDIO_REF_EC_UL1 MUX" value="RX_CDC_DMA_RX_0"/>
        <ctl name="EC Reference Channels" value="One"/>
        <ctl name="EC Reference Bit Format" value="S16_LE"/>
        <ctl name="EC Reference SampleRate" value="48000"/>
    </path>
</mixer>
