<?xml version="1.0" encoding="UTF-8"?>
<!-- Copyright (c) 2020 The Linux Foundation. All rights reserved.
     Not a contribution.
-->
<!-- Copyright (C) 2018 The Android Open Source Project

     Licensed under the Apache License, Version 2.0 (the "License");
     you may not use this file except in compliance with the License.
     You may obtain a copy of the License at

          http://www.apache.org/licenses/LICENSE-2.0

     Unless required by applicable law or agreed to in writing, software
     distributed under the License is distributed on an "AS IS" BASIS,
     WITHOUT WARRANTIES OR CONDITIONS OF ANY KIND, either express or implied.
     See the License for the specific language governing permissions and
     limitations under the License.
-->

<!-- Bluetooth Audio HAL Audio Policy Configuration file -->
<module name="bluetooth_qti" halVersion="2.0">
    <mixPorts>
        <!-- Hearing AIDs Audio Ports -->
        <mixPort name="hearing aid output" role="source">
            <profile name="" format="AUDIO_FORMAT_PCM_16_BIT"
                     samplingRates="24000,16000"
                     channelMasks="AUDIO_CHANNEL_OUT_STEREO"/>
        </mixPort>
    </mixPorts>
    <devicePorts>
        <!-- Hearing AIDs Audio Ports -->
        <devicePort tagName="BT Hearing Aid Out" type="AUDIO_DEVICE_OUT_HEARING_AID" role="sink"/>
    </devicePorts>
    <routes>
        <route type="mix" sink="BT Hearing Aid Out"
               sources="hearing aid output"/>
    </routes>
</module>
