<?xml version="1.0" encoding="ISO-8859-1"?>
<!--- Copyright (c) 2020-2021, The Linux Foundation. All rights reserved.       -->
<!---                                                                           -->
<!--- Redistribution and use in source and binary forms, with or without        -->
<!--- modification, are permitted provided that the following conditions are    -->
<!--- met:                                                                      -->
<!---     * Redistributions of source code must retain the above copyright      -->
<!---       notice, this list of conditions and the following disclaimer.       -->
<!---     * Redistributions in binary form must reproduce the above             -->
<!---       copyright notice, this list of conditions and the following         -->
<!---       disclaimer in the documentation and/or other materials provided     -->
<!---       with the distribution.                                              -->
<!---     * Neither the name of The Linux Foundation nor the names of its       -->
<!---       contributors may be used to endorse or promote products derived     -->
<!---       from this software without specific prior written permission.       -->
<!---                                                                           -->
<!--- THIS SOFTWARE IS PROVIDED "AS IS" AND ANY EXPRESS OR IMPLIED              -->
<!--- WARRANTIES, INCLUDING, BUT NOT LIMITED TO, THE IMPLIED WARRANTIES OF      -->
<!--- MERCHANTABILITY, FITNESS FOR A PARTICULAR PURPOSE AND NON-INFRINGEMENT    -->
<!--- ARE DISCLAIMED.  IN NO EVENT SHALL THE COPYRIGHT OWNER OR CONTRIBUTORS    -->
<!--- BE LIABLE FOR ANY DIRECT, INDIRECT, INCIDENTAL, SPECIAL, EXEMPLARY, OR    -->
<!--- CONSEQUENTIAL DAMAGES (INCLUDING, BUT NOT LIMITED TO, PROCUREMENT OF      -->
<!--- SUBSTITUTE GOODS OR SERVICES; LOSS OF USE, DATA, OR PROFITS; OR           -->
<!--- BUSINESS INTERRUPTION) HOWEVER CAUSED AND ON ANY THEORY OF LIABILITY,     -->
<!--- WHETHER IN CONTRACT, STRICT LIABILITY, OR TORT (INCLUDING NEGLIGENCE      -->
<!--- OR OTHERWISE) ARISING IN ANY WAY OUT OF THE USE OF THIS SOFTWARE, EVEN    -->
<!--- IF ADVISED OF THE POSSIBILITY OF SUCH DAMAGE.                             -->
<mixer>
    <ctl name="VA DEC0 MUX" value="MSM_DMIC"/>
    <ctl name="VA DEC1 MUX" value="MSM_DMIC"/>
    <ctl name="VA DEC2 MUX" value="MSM_DMIC"/>
    <ctl name="VA DEC3 MUX" value="MSM_DMIC"/>
    <ctl name="VA DEC4 MUX" value="MSM_DMIC"/>
    <ctl name="VA DEC5 MUX" value="MSM_DMIC"/>
    <ctl name="VA DEC6 MUX" value="MSM_DMIC"/>
    <ctl name="VA DEC7 MUX" value="MSM_DMIC"/>
    <path name="listen-ape-handset-mic">
        <ctl name="VA_CDC_DMA_TX_0 Channels" value="One" />
        <ctl name="VA_AIF1_CAP Mixer DEC0" value="1" />
        <ctl name="VA DEC0 MUX" value="SWR_MIC" />
        <ctl name="VA_DEC0 MODE" value="ADC_LOW_PWR" />
        <ctl name="VA SMIC MUX0" value="SWR_MIC1" />
        <ctl name="ADC2 ChMap" value="SWRM_TX1_CH2" />
        <ctl name="ADC2 MUX" value="INP3" />
        <ctl name="HDR12 MUX" value="NO_HDR12" />
        <ctl name="ADC2_MIXER Switch" value="1" />
    </path>
    <path name="listen-ape-handset-mic-preproc">
        <path name="listen-ape-handset-mic" />
    </path>
    <path name="listen-ape-handset-dmic">
        <ctl name="VA_CDC_DMA_TX_0 Channels" value="Two" />
        <ctl name="VA_AIF1_CAP Mixer DEC0" value="1" />
        <ctl name="VA DEC0 MUX" value="SWR_MIC" />
        <ctl name="VA_DEC0 MODE" value="ADC_LOW_PWR" />
        <ctl name="VA SMIC MUX0" value="SWR_MIC1" />
        <ctl name="ADC2 ChMap" value="SWRM_TX1_CH2" />
        <ctl name="ADC2 MUX" value="INP3" />
        <ctl name="HDR12 MUX" value="NO_HDR12" />
        <ctl name="ADC2_MIXER Switch" value="1" />
        <ctl name="VA_AIF1_CAP Mixer DEC1" value="1" />
        <ctl name="VA DEC1 MUX" value="SWR_MIC" />
        <ctl name="VA_DEC1 MODE" value="ADC_LOW_PWR" />
        <ctl name="VA SMIC MUX1" value="SWR_MIC4" />
        <ctl name="ADC3 ChMap" value="SWRM_TX2_CH1" />
        <ctl name="ADC3 MUX" value="INP4" />
        <ctl name="HDR34 MUX" value="NO_HDR34" />
        <ctl name="ADC3_MIXER Switch" value="1" />
    </path>
    <path name="listen-ape-handset-tmic">
        <ctl name="VA_CDC_DMA_TX_0 Channels" value="Three" />
        <ctl name="VA_AIF1_CAP Mixer DEC0" value="1" />
        <ctl name="VA DEC0 MUX" value="SWR_MIC" />
        <ctl name="VA_DEC0 MODE" value="ADC_LOW_PWR" />
        <ctl name="VA SMIC MUX0" value="SWR_MIC1" />
        <ctl name="ADC2 ChMap" value="SWRM_TX1_CH2" />
        <ctl name="ADC2 MUX" value="INP3" />
        <ctl name="HDR12 MUX" value="NO_HDR12" />
        <ctl name="ADC2_MIXER Switch" value="1" />
        <ctl name="VA_AIF1_CAP Mixer DEC1" value="1" />
        <ctl name="VA DEC1 MUX" value="SWR_MIC" />
        <ctl name="VA_DEC1 MODE" value="ADC_LOW_PWR" />
        <ctl name="VA SMIC MUX1" value="SWR_MIC0" />
        <ctl name="ADC1 ChMap" value="SWRM_TX1_CH1" />
        <ctl name="ADC1_MIXER Switch" value="1" />
        <ctl name="VA_AIF1_CAP Mixer DEC2" value="1" />
        <ctl name="VA DEC2 MUX" value="SWR_MIC" />
        <ctl name="VA_DEC2 MODE" value="ADC_LOW_PWR" />
        <ctl name="VA SMIC MUX2" value="SWR_MIC4" />
        <ctl name="ADC3 ChMap" value="SWRM_TX2_CH1" />
        <ctl name="ADC3 MUX" value="INP4" />
        <ctl name="HDR34 MUX" value="NO_HDR34" />
        <ctl name="ADC3_MIXER Switch" value="1" />
    </path>
    <path name="echo-reference">
        <ctl name="AUDIO_REF_EC_UL1 MUX" value="WSA_CDC_DMA_RX_0"/>
        <ctl name="EC Reference Channels" value="One"/>
        <ctl name="EC Reference Bit Format" value="S16_LE"/>
        <ctl name="EC Reference SampleRate" value="48000"/>
    </path>
    <path name="echo-reference handset">
        <ctl name="AUDIO_REF_EC_UL1 MUX" value="RX_CDC_DMA_RX_0"/>
        <ctl name="EC Reference Channels" value="One"/>
        <ctl name="EC Reference Bit Format" value="S16_LE"/>
        <ctl name="EC Reference SampleRate" value="48000"/>
    </path>
</mixer>
