<?xml version="1.0" encoding="ISO-8859-1"?>
<!--
    Copyright (c) 2019-2021, The Linux Foundation. All rights reserved.

    Redistribution and use in source and binary forms, with or without
    modification, are permitted provided that the following conditions are
    met:
        * Redistributions of source code must retain the above copyright
          notice, this list of conditions and the following disclaimer.
        * Redistributions in binary form must reproduce the above
          copyright notice, this list of conditions and the following
          disclaimer in the documentation and/or other materials provided
          with the distribution.
        * Neither the name of The Linux Foundation nor the names of its
          contributors may be used to endorse or promote products derived
          from this software without specific prior written permission.

    THIS SOFTWARE IS PROVIDED "AS IS" AND ANY EXPRESS OR IMPLIED
    WARRANTIES, INCLUDING, BUT NOT LIMITED TO, THE IMPLIED WARRANTIES OF
    MERCHANTABILITY, FITNESS FOR A PARTICULAR PURPOSE AND NON-INFRINGEMENT
    ARE DISCLAIMED.  IN NO EVENT SHALL THE COPYRIGHT OWNER OR CONTRIBUTORS
    BE LIABLE FOR ANY DIRECT, INDIRECT, INCIDENTAL, SPECIAL, EXEMPLARY, OR
    CONSEQUENTIAL DAMAGES (INCLUDING, BUT NOT LIMITED TO, PROCUREMENT OF
    SUBSTITUTE GOODS OR SERVICES; LOSS OF USE, DATA, OR PROFITS; OR
    BUSINESS INTERRUPTION) HOWEVER CAUSED AND ON ANY THEORY OF LIABILITY,
    WHETHER IN CONTRACT, STRICT LIABILITY, OR TORT (INCLUDING NEGLIGENCE
    OR OTHERWISE) ARISING IN ANY WAY OUT OF THE USE OF THIS SOFTWARE, EVEN
    IF ADVISED OF THE POSSIBILITY OF SUCH DAMAGE.
-->

<mixer>
    <!-- These are the initial mixer settings -->
    <ctl name="Voice Rx Device Mute" id="0" value="0" />
    <ctl name="Voice Rx Device Mute" id="1" value="-1" />
    <ctl name="Voice Rx Device Mute" id="2" value="20" />
    <ctl name="Voice Tx Mute" id="0" value="0" />
    <ctl name="Voice Tx Mute" id="1" value="-1" />
    <ctl name="Voice Tx Mute" id="2" value="500" />
    <ctl name="Voice Rx Gain" id="0" value="0" />
    <ctl name="Voice Rx Gain" id="1" value="-1" />
    <ctl name="Voice Rx Gain" id="2" value="20" />
    <ctl name="Voip Tx Mute" id="0" value="0" />
    <ctl name="Voip Tx Mute" id="1" value="500" />
    <ctl name="Voip Rx Gain" id="0" value="0" />
    <ctl name="Voip Rx Gain" id="1" value="20" />
    <ctl name="Voip Mode Config" value="12" />
    <ctl name="Voip Rate Config" value="0" />
    <ctl name="Voip Evrc Min Max Rate Config" id="0" value="1" />
    <ctl name="Voip Evrc Min Max Rate Config" id="1" value="4" />
    <ctl name="Voip Dtx Mode" value="0" />
    <ctl name="TTY Mode" value="OFF" />
    <ctl name="HPHL Volume" value="9" />
    <ctl name="HPHR Volume" value="9" />
    <ctl name="RX1 Digital Volume" value="84" />
    <ctl name="RX2 Digital Volume" value="84" />
    <ctl name="RX3 Digital Volume" value="84" />
    <ctl name="IIR1 INP1 Volume" value="84" />
    <ctl name="IIR1 INP2 Volume" value="84" />
    <ctl name="IIR1 INP3 Volume" value="84" />
    <ctl name="IIR1 INP4 Volume" value="84" />
    <ctl name="ADC1 Volume" value="4" />
    <ctl name="ADC2 Volume" value="4" />
    <ctl name="ADC3 Volume" value="4" />
    <ctl name="DEC1 Volume" value="84" />
    <ctl name="DEC2 Volume" value="84" />
    <ctl name="DEC2 MUX" value="ZERO" />
    <ctl name="DEC1 MUX" value="ZERO" />
    <ctl name="ADC2 MUX" value="ZERO" />
    <ctl name="RDAC2 MUX" value="ZERO" />
    <ctl name="RX2 MIX2 INP2" value="ZERO" />
    <ctl name="RX2 MIX2 INP1" value="ZERO" />
    <ctl name="RX1 MIX2 INP2" value="ZERO" />
    <ctl name="RX1 MIX2 INP1" value="ZERO" />
    <ctl name="RX3 MIX1 INP2" value="ZERO" />
    <ctl name="RX3 MIX1 INP1" value="ZERO" />
    <ctl name="RX2 MIX1 INP2" value="ZERO" />
    <ctl name="RX2 MIX1 INP1" value="ZERO" />
    <ctl name="RX1 MIX1 INP2" value="ZERO" />
    <ctl name="RX1 MIX1 INP1" value="ZERO" />
    <ctl name="EAR_S" value="ZERO" />
    <ctl name="HPHL" value="ZERO" />
    <ctl name="HPHR" value="ZERO" />
    <ctl name="SPK" value="ZERO" />
    <ctl name="WSA Spk Switch" value="ZERO" />
    <ctl name="LINE_OUT" value="ZERO" />
    <ctl name="SpkrMono WSA_RDAC" value="ZERO" />
    <ctl name="SpkrMono BOOST Switch" value="1" />
    <ctl name="EAR PA Gain" value="POS_6_DB" />
    <ctl name="EAR PA Gain" value="POS_1P5_DB" />
    <ctl name="EAR PA Boost" value="ENABLE" />
    <ctl name="MI2S_RX Channels" value="One" />
    <ctl name="MI2S_TX Channels" value="One" />
    <ctl name="PRI_MI2S_RX_DL_HL Switch" value="0" />
    <ctl name="PRI_MI2S_RX_VI_FB_MUX" value="ZERO" />
    <ctl name="DEC3 MUX" value="ZERO" />
    <ctl name="DEC4 MUX" value="ZERO" />
    <ctl name="SpkrMono VISENSE Switch" value="0" />
    <ctl name="ADC1_INP1 Switch" value="0" />

    <ctl name="PRI_MI2S_RX Audio Mixer MultiMedia1" value="0" />
    <ctl name="SLIMBUS_7_RX Audio Mixer MultiMedia1" value="0" />
    <ctl name="PRI_MI2S_RX Audio Mixer MultiMedia3" value="0" />
    <ctl name="SLIMBUS_7_RX Audio Mixer MultiMedia3" value="0" />
    <ctl name="AFE_PCM_RX Audio Mixer MultiMedia2" value="0" />
    <ctl name="AFE_PCM_RX Audio Mixer MultiMedia3" value="0" />
    <ctl name="PRI_MI2S_RX Audio Mixer MultiMedia4" value="0" />
    <ctl name="SLIMBUS_7_RX Audio Mixer MultiMedia4" value="0" />
    <ctl name="SLIMBUS_7_RX Audio Mixer MultiMedia5" value="0" />
    <ctl name="AFE_PCM_RX Audio Mixer MultiMedia4" value="0" />
    <ctl name="PRI_MI2S_RX Audio Mixer MultiMedia5" value="0" />
    <ctl name="SLIMBUS_7_RX Audio Mixer MultiMedia5" value="0" />
    <ctl name="SLIMBUS_7_RX Audio Mixer MultiMedia6" value="0" />
    <ctl name="SLIMBUS_7_RX Audio Mixer MultiMedia7" value="0" />
    <ctl name="SLIMBUS_7_RX Audio Mixer MultiMedia10" value="0" />
    <ctl name="SLIMBUS_7_RX Audio Mixer MultiMedia11" value="0" />
    <ctl name="SLIMBUS_7_RX Audio Mixer MultiMedia12" value="0" />
    <ctl name="SLIMBUS_7_RX Audio Mixer MultiMedia13" value="0" />
    <ctl name="SLIMBUS_7_RX Audio Mixer MultiMedia14" value="0" />
    <ctl name="MultiMedia1 Mixer TERT_MI2S_TX" value="0" />
    <ctl name="MultiMedia5 Mixer TERT_MI2S_TX" value="0" />
    <ctl name="MultiMedia1 Mixer SLIM_7_TX" value="0" />
    <ctl name="MultiMedia5 Mixer SLIM_7_TX" value="0" />
    <ctl name="MultiMedia8 Mixer SLIM_7_TX" value="0" />
    <ctl name="PRI_MI2S_RX_Voice Mixer CSVoice" value="0" />
    <ctl name="Voice_Tx Mixer TERT_MI2S_TX_Voice" value="0" />
    <ctl name="QUIN_MI2S_RX Audio Mixer MultiMedia1" value="0" />
    <ctl name="QUIN_MI2S_RX Audio Mixer MultiMedia2" value="0" />
    <ctl name="QUIN_MI2S_RX Audio Mixer MultiMedia3" value="0" />
    <ctl name="QUIN_MI2S_RX Audio Mixer MultiMedia4" value="0" />
    <ctl name="QUIN_MI2S_RX Audio Mixer MultiMedia5" value="0" />
    <ctl name="QUIN_MI2S_RX Audio Mixer MultiMedia7" value="0" />
    <ctl name="QUIN_MI2S_RX Audio Mixer MultiMedia10" value="0" />
    <ctl name="QUIN_MI2S_RX Audio Mixer MultiMedia11" value="0" />
    <ctl name="QUIN_MI2S_RX Audio Mixer MultiMedia12" value="0" />
    <ctl name="QUIN_MI2S_RX Audio Mixer MultiMedia13" value="0" />
    <ctl name="QUIN_MI2S_RX Audio Mixer MultiMedia14" value="0" />
    <ctl name="QUAT_MI2S_RX Port Mixer SLIM_7_TX" value="0" />
    <ctl name="mono Profile" value="0" />
    <ctl name="mono Music Playback Volume" value="0" />
    <ctl name="mono Stop" value="off" />

    <!-- Voice BTSCO -->
    <ctl name="BT SampleRate" value="KHZ_8" />
    <ctl name="SLIM_7_RX_Voice Mixer CSVoice" value="0" />
    <ctl name="Voice_Tx Mixer SLIM_7_TX_Voice" value="0" />
    <ctl name="SLIMBUS_7_RX Audio Mixer Multimedia6" value="0" />
    <ctl name="MultiMedia6 Mixer TERT_MI2S_TX" value="0" />

    <!-- Voice2 -->
    <ctl name="PRI_MI2S_RX_Voice Mixer Voice2" value="0" />
    <ctl name="Voice2_Tx Mixer TERT_MI2S_TX_Voice2" value="0" />
    <ctl name="SLIM_7_RX_Voice Mixer Voice2" value="0" />
    <ctl name="Voice2_Tx Mixer SLIM_7_TX_Voice2" value="0" />
    <ctl name="AFE_PCM_RX_Voice Mixer Voice2" value="0" />
    <ctl name="Voice2_Tx Mixer AFE_PCM_TX_Voice2" value="0" />
    <!-- Voice2 end -->

    <!-- VoLTE -->
    <ctl name="PRI_MI2S_RX_Voice Mixer VoLTE" value="0" />
    <ctl name="VoLTE_Tx Mixer TERT_MI2S_TX_VoLTE" value="0" />
    <ctl name="VoLTE_Tx Mixer SLIM_0_TX_VoLTE" value="0" />
    <ctl name="SLIM_7_RX_Voice Mixer VoLTE" value="0" />
    <ctl name="VoLTE_Tx Mixer SLIM_7_TX__VoLTE" value="0" />
    <ctl name="AFE_PCM_RX_Voice Mixer VoLTE" value="0" />
    <ctl name="VoLTE_Tx Mixer AFE_PCM_TX_VoLTE" value="0" />
    <!-- VoLTE end -->

    <!-- Multimode Voice1 -->
    <ctl name="PRI_MI2S_RX_Voice Mixer VoiceMMode1" value="0" />
    <ctl name="VoiceMMode1_Tx Mixer TERT_MI2S_TX_MMode1" value="0" />
    <ctl name="SLIM_7_RX_Voice Mixer VoiceMMode1" value="0" />
    <ctl name="VoiceMMode1_Tx Mixer SLIM_7_TX_MMode1" value="0" />
    <ctl name="AFE_PCM_RX_Voice Mixer VoiceMMode1" value="0" />
    <ctl name="VoiceMMode1_Tx Mixer AFE_PCM_TX_MMode1" value="0" />
    <!-- Multimode Voice1 end -->

    <!-- Multimode Voice2 -->
    <ctl name="PRI_MI2S_RX_Voice Mixer VoiceMMode2" value="0" />
    <ctl name="VoiceMMode2_Tx Mixer TERT_MI2S_TX_MMode2" value="0" />
    <ctl name="SLIM_7_RX_Voice Mixer VoiceMMode2" value="0" />
    <ctl name="VoiceMMode2_Tx Mixer SLIM_7_TX_MMode2" value="0" />
    <ctl name="AFE_PCM_RX_Voice Mixer VoiceMMode2" value="0" />
    <ctl name="VoiceMMode2_Tx Mixer AFE_PCM_TX_MMode2" value="0" />
    <!-- Multimode Voice2 end -->

    <!-- Voip -->
    <ctl name="PRI_MI2S_RX_Voice Mixer Voip" value="0" />
    <ctl name="Voip_Tx Mixer TERT_MI2S_TX_Voip" value="0" />
    <ctl name="BT SampleRate" value="KHZ_8" />
    <ctl name="SLIM_7_RX_Voice Mixer Voip" value="0" />
    <ctl name="Voip_Tx Mixer SLIM_7_TX_Voip" value="0" />
    <!-- Voip end -->

    <!-- VoIP over audio -->
    <ctl name="MultiMedia10 Mixer TERT_MI2S_TX" value="0" />
    <ctl name="MultiMedia10 Mixer SLIM_7_TX" value="0" />
    <ctl name="MultiMedia10 Mixer AFE_PCM_TX" value="0" />
    <ctl name="QUAT_MI2S_RX Audio Mixer MultiMedia10" value="0" />
    <ctl name="SLIMBUS_7_RX Audio Mixer MultiMedia10" value="0" />
    <ctl name="AFE_PCM_RX Audio Mixer MultiMedia10" value="0" />
    <!-- VoIP over audio -->

    <!-- RT Proxy Cal -->
    <ctl name="RT_PROXY_1_RX SetCalMode" value="CAL_MODE_NONE" />
    <ctl name="RT_PROXY_1_TX SetCalMode" value="CAL_MODE_NONE" />
    <!-- RT Proxy Cal end -->

    <!-- Incall Recording -->
    <ctl name="MultiMedia1 Mixer VOC_REC_UL" value="0" />
    <ctl name="MultiMedia1 Mixer VOC_REC_DL" value="0" />
    <!-- Incall Recording end -->

    <!-- Incall Music -->
    <ctl name="Incall_Music Audio Mixer MultiMedia2" value="0" />
    <ctl name="Incall_Music_2 Audio Mixer MultiMedia9" value="0" />
    <!-- Incall Music End -->

    <!-- EC_REF -->
    <ctl name="AUDIO_REF_EC_UL1 MUX" value="None" />

    <!-- IIR -->
    <ctl name="IIR1 Band1" id ="0" value="268435456" />
    <ctl name="IIR1 Band1" id ="1" value="0" />
    <ctl name="IIR1 Band1" id ="2" value="0" />
    <ctl name="IIR1 Band1" id ="3" value="0" />
    <ctl name="IIR1 Band1" id ="4" value="0" />
    <ctl name="IIR1 Band2" id ="0" value="268435456" />
    <ctl name="IIR1 Band2" id ="1" value="0" />
    <ctl name="IIR1 Band2" id ="2" value="0" />
    <ctl name="IIR1 Band2" id ="3" value="0" />
    <ctl name="IIR1 Band2" id ="4" value="0" />
    <ctl name="IIR1 Band3" id ="0" value="268435456" />
    <ctl name="IIR1 Band3" id ="1" value="0" />
    <ctl name="IIR1 Band3" id ="2" value="0" />
    <ctl name="IIR1 Band3" id ="3" value="0" />
    <ctl name="IIR1 Band3" id ="4" value="0" />
    <ctl name="IIR1 Band4" id ="0" value="268435456" />
    <ctl name="IIR1 Band4" id ="1" value="0" />
    <ctl name="IIR1 Band4" id ="2" value="0" />
    <ctl name="IIR1 Band4" id ="3" value="0" />
    <ctl name="IIR1 Band4" id ="4" value="0" />
    <ctl name="IIR1 Band5" id ="0" value="268435456" />
    <ctl name="IIR1 Band5" id ="1" value="0" />
    <ctl name="IIR1 Band5" id ="2" value="0" />
    <ctl name="IIR1 Band5" id ="3" value="0" />
    <ctl name="IIR1 Band5" id ="4" value="0" />
    <ctl name="IIR1 Enable Band1" value="0" />
    <ctl name="IIR1 Enable Band2" value="0" />
    <ctl name="IIR1 Enable Band3" value="0" />
    <ctl name="IIR1 Enable Band4" value="0" />
    <ctl name="IIR1 Enable Band5" value="0" />
    <!-- IIR -->

    <!-- ADSP testfwk -->
    <ctl name="MI2S_DL_HL Switch" value="0" />
    <!-- ADSP testfwk end-->

	<!-- split a2dp -->
    <ctl name="BT SampleRate" value="KHZ_8" />
    <ctl name="AFE Input Channels" value="Zero" />
    <ctl name="SLIM7_RX ADM Channels" value="Zero" />
    <!-- split a2dp end-->

    <path name="bt-sco-wb-samplerate">
        <ctl name="BT SampleRate" value="KHZ_16" />
    </path>

    <!-- These are audio route (FE to BE) specific mixer settings -->
    <path name="deep-buffer-playback">
        <ctl name="QUAT_MI2S_RX Audio Mixer MultiMedia1" value="1" />
    </path>

    <path name="deep-buffer-playback speaker">
        <path name="deep-buffer-playback" />
    </path>

    <path name="deep-buffer-playback bt-sco">
        <ctl name="SLIMBUS_7_RX Audio Mixer MultiMedia1" value="1" />
    </path>

    <path name="deep-buffer-playback bt-a2dp">
        <ctl name="SLIMBUS_7_RX Audio Mixer MultiMedia1" value="1" />
    </path>

    <path name="deep-buffer-playback speaker-and-bt-a2dp">
        <path name="deep-buffer-playback bt-a2dp" />
        <path name="deep-buffer-playback" />
    </path>

    <path name="deep-buffer-playback bt-sco-wb">
        <ctl name="BT SampleRate" value="KHZ_16" />
        <path name="deep-buffer-playback bt-sco" />
    </path>

    <path name="deep-buffer-playback speaker-and-bt-sco">
        <path name="deep-buffer-playback bt-sco" />
        <path name="deep-buffer-playback" />
    </path>

    <path name="deep-buffer-playback speaker-and-bt-sco-wb">
        <path name="deep-buffer-playback bt-sco-wb" />
        <path name="deep-buffer-playback" />
    </path>

    <path name="low-latency-playback">
        <ctl name="QUAT_MI2S_RX Audio Mixer MultiMedia5" value="1" />
    </path>

    <path name="low-latency-playback speaker">
        <path name="low-latency-playback" />
    </path>

    <path name="low-latency-playback speaker-protected">
        <path name="low-latency-playback" />
    </path>

    <path name="low-latency-playback bt-sco">
        <ctl name="SLIMBUS_7_RX Audio Mixer MultiMedia5" value="1" />
    </path>

    <path name="low-latency-playback bt-a2dp">
        <ctl name="SLIMBUS_7_RX Audio Mixer MultiMedia5" value="1" />
    </path>

    <path name="low-latency-playback speaker-and-bt-a2dp">
        <path name="low-latency-playback bt-a2dp" />
        <path name="low-latency-playback" />
    </path>

    <path name="low-latency-playback bt-sco-wb">
        <ctl name="BT SampleRate" value="KHZ_16" />
        <path name="low-latency-playback bt-sco" />
    </path>

    <path name="low-latency-playback speaker-and-bt-sco">
        <path name="low-latency-playback bt-sco" />
        <path name="low-latency-playback" />
    </path>

    <path name="low-latency-playback speaker-and-bt-sco-wb">
        <path name="low-latency-playback bt-sco-wb" />
        <path name="low-latency-playback" />
    </path>

    <path name="audio-ull-playback">
        <ctl name="QUAT_MI2S_RX Audio Mixer MultiMedia3" value="1" />
    </path>

    <path name="audio-ull-playback speaker">
        <path name="audio-ull-playback" />
    </path>

    <path name="audio-ull-playback speaker-protected">
        <path name="audio-ull-playback" />
    </path>

    <path name="audio-ull-playback bt-sco">
        <ctl name="SLIMBUS_7_RX Audio Mixer MultiMedia3" value="1" />
    </path>

    <path name="audio-ull-playback bt-sco-wb">
        <ctl name="BT SampleRate" value="KHZ_16" />
        <path name="audio-ull-playback bt-sco" />
    </path>

    <path name="audio-ull-playback speaker-and-bt-sco">
        <path name="audio-ull-playback bt-sco" />
        <path name="audio-ull-playback" />
    </path>

    <path name="audio-ull-playback speaker-and-bt-sco-wb">
        <path name="audio-ull-playback bt-sco-wb" />
        <path name="audio-ull-playback" />
    </path>

    <path name="compress-offload-playback">
        <ctl name="QUAT_MI2S_RX Audio Mixer MultiMedia4" value="1" />
    </path>

    <path name="compress-offload-playback speaker">
        <path name="compress-offload-playback" />
    </path>

    <path name="compress-offload-playback speaker-protected">
        <path name="compress-offload-playback" />
    </path>
    <path name="compress-offload-playback bt-sco">
        <ctl name="SLIMBUS_7_RX Audio Mixer MultiMedia4" value="1" />
    </path>

    <path name="compress-offload-playback bt-a2dp">
        <ctl name="SLIMBUS_7_RX Audio Mixer MultiMedia4" value="1" />
    </path>

    <path name="compress-offload-playback speaker-and-bt-a2dp">
        <path name="compress-offload-playback bt-a2dp" />
        <path name="compress-offload-playback" />
    </path>

    <path name="compress-offload-playback bt-sco-wb">
        <ctl name="BT SampleRate" value="KHZ_16" />
        <path name="compress-offload-playback bt-sco" />
    </path>

    <path name="compress-offload-playback speaker-and-bt-sco">
        <path name="compress-offload-playback bt-sco" />
        <path name="compress-offload-playback" />
    </path>

    <path name="compress-offload-playback speaker-and-bt-sco-wb">
        <path name="compress-offload-playback bt-sco-wb" />
        <path name="compress-offload-playback" />
    </path>

    <path name="compress-offload-playback2">
        <ctl name="QUAT_MI2S_RX Audio Mixer MultiMedia7" value="1" />
    </path>

    <path name="compress-offload-playback2 speaker">
        <path name="compress-offload-playback2" />
    </path>

    <path name="compress-offload-playback2 bt-sco">
        <ctl name="SLIMBUS_7_RX Audio Mixer MultiMedia7" value="1" />
    </path>

    <path name="compress-offload-playback2 bt-sco-wb">
        <ctl name="BT SampleRate" value="KHZ_16" />
        <path name="compress-offload-playback2 bt-sco" />
    </path>

    <path name="compress-offload-playback2 speaker-and-bt-sco">
        <path name="compress-offload-playback2 bt-sco" />
        <path name="compress-offload-playback2" />
    </path>

    <path name="compress-offload-playback2 speaker-and-bt-sco-wb">
        <path name="compress-offload-playback2 bt-sco-wb" />
        <path name="compress-offload-playback2" />
    </path>

    <path name="compress-offload-playback2 bt-a2dp">
        <ctl name="SLIMBUS_7_RX Audio Mixer MultiMedia7" value="1" />
    </path>

    <path name="compress-offload-playback2 speaker-and-bt-a2dp">
        <path name="compress-offload-playback2 bt-a2dp" />
        <path name="compress-offload-playback2" />
    </path>

    <path name="compress-offload-playback3">
        <ctl name="QUAT_MI2S_RX Audio Mixer MultiMedia10" value="1" />
    </path>

    <path name="compress-offload-playback3 speaker">
        <path name="compress-offload-playback3" />
    </path>

    <path name="compress-offload-playback3 bt-sco">
        <ctl name="SLIMBUS_7_RX Audio Mixer MultiMedia10" value="1" />
    </path>

    <path name="compress-offload-playback3 bt-sco-wb">
        <ctl name="BT SampleRate" value="KHZ_16" />
        <path name="compress-offload-playback3 bt-sco" />
    </path>

    <path name="compress-offload-playback3 speaker-and-bt-sco">
        <path name="compress-offload-playback3 bt-sco" />
        <path name="compress-offload-playback3" />
    </path>

    <path name="compress-offload-playback3 speaker-and-bt-sco-wb">
        <path name="compress-offload-playback3 bt-sco-wb" />
        <path name="compress-offload-playback3" />
    </path>

    <path name="compress-offload-playback4">
        <ctl name="QUAT_MI2S_RX Audio Mixer MultiMedia11" value="1" />
    </path>

    <path name="compress-offload-playback4 speaker">
        <path name="compress-offload-playback4" />
    </path>

    <path name="compress-offload-playback4 bt-sco">
        <ctl name="SLIMBUS_7_RX Audio Mixer MultiMedia11" value="1" />
    </path>

    <path name="compress-offload-playback4 bt-sco-wb">
        <ctl name="BT SampleRate" value="KHZ_16" />
        <path name="compress-offload-playback4 bt-sco" />
    </path>

    <path name="compress-offload-playback4 speaker-and-bt-sco">
        <path name="compress-offload-playback4 bt-sco" />
        <path name="compress-offload-playback4" />
    </path>

    <path name="compress-offload-playback4 speaker-and-bt-sco-wb">
        <path name="compress-offload-playback4 bt-sco-wb" />
        <path name="compress-offload-playback4" />
    </path>

    <path name="compress-offload-playback5">
        <ctl name="QUAT_MI2S_RX Audio Mixer MultiMedia12" value="1" />
    </path>

    <path name="compress-offload-playback5 speaker">
        <path name="compress-offload-playback5" />
    </path>

    <path name="compress-offload-playback5 bt-sco">
        <ctl name="SLIMBUS_7_RX Audio Mixer MultiMedia12" value="1" />
    </path>

    <path name="compress-offload-playback5 bt-sco-wb">
        <ctl name="BT SampleRate" value="KHZ_16" />
        <path name="compress-offload-playback5 bt-sco" />
    </path>

    <path name="compress-offload-playback5 speaker-and-bt-sco">
        <path name="compress-offload-playback5 bt-sco" />
        <path name="compress-offload-playback5" />
    </path>

    <path name="compress-offload-playback5 speaker-and-bt-sco-wb">
        <path name="compress-offload-playback5 bt-sco-wb" />
        <path name="compress-offload-playback5" />
    </path>

    <path name="compress-offload-playback6">
        <ctl name="QUAT_MI2S_RX Audio Mixer MultiMedia13" value="1" />
    </path>

    <path name="compress-offload-playback6 speaker">
        <path name="compress-offload-playback6" />
    </path>

    <path name="compress-offload-playback6 bt-sco">
        <ctl name="SLIMBUS_7_RX Audio Mixer MultiMedia13" value="1" />
    </path>

    <path name="compress-offload-playback6 bt-sco-wb">
        <ctl name="BT SampleRate" value="KHZ_16" />
        <path name="compress-offload-playback6 bt-sco" />
    </path>

    <path name="compress-offload-playback6 speaker-and-bt-sco">
        <path name="compress-offload-playback6 bt-sco" />
        <path name="compress-offload-playback6" />
    </path>

    <path name="compress-offload-playback6 speaker-and-bt-sco-wb">
        <path name="compress-offload-playback6 bt-sco-wb" />
        <path name="compress-offload-playback6" />
    </path>

    <path name="compress-offload-playback7">
        <ctl name="QUAT_MI2S_RX Audio Mixer MultiMedia14" value="1" />
    </path>

    <path name="compress-offload-playback7 speaker">
        <path name="compress-offload-playback7" />
    </path>

    <path name="compress-offload-playback7 bt-sco">
        <ctl name="SLIMBUS_7_RX Audio Mixer MultiMedia14" value="1" />
    </path>

    <path name="compress-offload-playback7 bt-sco-wb">
        <ctl name="BT SampleRate" value="KHZ_16" />
        <path name="compress-offload-playback7 bt-sco" />
    </path>

    <path name="compress-offload-playback7 speaker-and-bt-sco">
        <path name="compress-offload-playback7 bt-sco" />
        <path name="compress-offload-playback7" />
    </path>

    <path name="compress-offload-playback7 speaker-and-bt-sco-wb">
        <path name="compress-offload-playback7 bt-sco-wb" />
        <path name="compress-offload-playback7" />
    </path>

    <path name="audio-record">
        <ctl name="MultiMedia1 Mixer TERT_MI2S_TX" value="1" />
    </path>

    <path name="audio-record bt-sco">
        <ctl name="MultiMedia1 Mixer SLIM_7_TX" value="1" />
    </path>

    <path name="audio-record bt-sco-wb">
        <ctl name="BT SampleRate" value="KHZ_16" />
        <path name="audio-record bt-sco" />
    </path>

    <path name="audio-record-compress">
        <ctl name="MultiMedia8 Mixer TERT_MI2S_TX" value="1" />
    </path>

    <path name="audio-record-compress bt-sco">
        <ctl name="MultiMedia8 Mixer SLIM_7_TX" value="1" />
    </path>

    <path name="audio-record-compress bt-sco-wb">
        <ctl name="BT SampleRate" value="KHZ_16" />
        <path name="audio-record-compress bt-sco" />
    </path>

    <path name="low-latency-record">
        <ctl name="MultiMedia5 Mixer TERT_MI2S_TX" value="1" />
    </path>

    <path name="low-latency-record bt-sco">
      <ctl name="MultiMedia5 Mixer SLIM_7_TX" value="1" />
    </path>

    <path name="low-latency-record bt-sco-wb">
        <ctl name="BT SampleRate" value="KHZ_16" />
        <path name="low-latency-record bt-sco" />
    </path>

    <path name="voice-call">
        <ctl name="QUAT_MI2S_RX_Voice Mixer CSVoice" value="1" />
        <ctl name="Voice_Tx Mixer TERT_MI2S_TX_Voice" value="1" />
    </path>

    <path name="voice-call speaker">
        <path name="voice-call" />
    </path>

    <path name="voice-call bt-sco">
        <ctl name="SLIM_7_RX_Voice Mixer CSVoice" value="1" />
        <ctl name="Voice_Tx Mixer SLIM_7_TX_Voice" value="1" />
    </path>

    <path name="voice-call bt-sco-wb">
        <ctl name="BT SampleRate" value="KHZ_16" />
        <path name="voice-call bt-sco" />
    </path>

    <path name="voice2-call">
        <ctl name="QUAT_MI2S_RX_Voice Mixer Voice2" value="1" />
        <ctl name="Voice2_Tx Mixer TERT_MI2S_TX_Voice2" value="1" />
    </path>

    <path name="voice2-call speaker">
        <path name="voice2-call" />
    </path>

    <path name="voice2-call bt-sco">
        <ctl name="SLIM_7_RX_Voice Mixer Voice2" value="1" />
        <ctl name="Voice2_Tx Mixer SLIM_7_TX_Voice2" value="1" />
    </path>

    <path name="voice2-call bt-sco-wb">
        <ctl name="BT SampleRate" value="KHZ_16" />
        <path name="voice2-call bt-sco" />
    </path>

    <path name="voicemmode1-call">
        <ctl name="QUAT_MI2S_RX_Voice Mixer VoiceMMode1" value="1" />
        <ctl name="VoiceMMode1_Tx Mixer TERT_MI2S_TX_MMode1" value="1" />
    </path>

    <path name="voicemmode1-call speaker">
        <path name="voicemmode1-call" />
    </path>

    <path name="voicemmode1-call bt-sco">
        <ctl name="SLIM_7_RX_Voice Mixer VoiceMMode1" value="1" />
        <ctl name="VoiceMMode1_Tx Mixer SLIM_7_TX_MMode1" value="1" />
    </path>

    <path name="voicemmode1-call bt-sco-wb">
        <ctl name="BT SampleRate" value="KHZ_16" />
        <path name="voicemmode1-call bt-sco" />
    </path>

    <path name="voicemmode2-call">
        <ctl name="QUAT_MI2S_RX_Voice Mixer VoiceMMode2" value="1" />
        <ctl name="VoiceMMode2_Tx Mixer TERT_MI2S_TX_MMode2" value="1" />
    </path>

    <path name="voicemmode2-call speaker">
        <path name="voicemmode2-call" />
    </path>

    <path name="voicemmode2-call bt-sco">
        <ctl name="SLIM_7_RX_Voice Mixer VoiceMMode2" value="1" />
        <ctl name="VoiceMMode2_Tx Mixer SLIM_7_TX_MMode2" value="1" />
    </path>

    <path name="voicemmode2-call bt-sco-wb">
        <ctl name="BT SampleRate" value="KHZ_16" />
        <path name="voicemmode2-call bt-sco" />
    </path>

    <path name="hfp-sco">
        <path name="echo-reference" />
        <ctl name="QUAT_MI2S_RX Port Mixer SLIM_7_TX" value="1" />
        <ctl name="SLIMBUS_7_RX Audio Mixer MultiMedia6" value="1" />
        <ctl name="MultiMedia6 Mixer TERT_MI2S_TX" value="1" />
        <ctl name="HFP_SLIM7_UL_HL Switch" value="1" />
        <ctl name="QUAT_MI2S_RX_DL_HL Switch" value="1" />
    </path>

    <path name="hfp-sco-wb">
        <ctl name="BT SampleRate" value="KHZ_16" />
        <path name="hfp-sco" />
    </path>

    <path name="incall-rec-uplink">
        <ctl name="MultiMedia1 Mixer VOC_REC_UL" value="1" />
    </path>

    <path name="incall-rec-uplink bt-sco">
        <path name="incall-rec-uplink" />
    </path>

    <path name="incall-rec-uplink bt-sco-wb">
        <path name="incall-rec-uplink" />
    </path>

    <path name="incall-rec-uplink-compress">
        <ctl name="MultiMedia8 Mixer VOC_REC_UL" value="1" />
    </path>

    <path name="incall-rec-uplink-compress bt-sco">
        <path name="incall-rec-uplink-compress" />
    </path>

    <path name="incall-rec-uplink-compress bt-sco-wb">
        <path name="incall-rec-uplink-compress" />
    </path>

    <path name="incall-rec-downlink">
        <ctl name="MultiMedia1 Mixer VOC_REC_DL" value="1" />
    </path>

    <path name="incall-rec-downlink bt-sco">
        <path name="incall-rec-downlink" />
    </path>

    <path name="incall-rec-downlink bt-sco-wb">
        <path name="incall-rec-downlink" />
    </path>

    <path name="incall-rec-downlink-compress">
        <ctl name="MultiMedia8 Mixer VOC_REC_DL" value="1" />
    </path>

    <path name="incall-rec-downlink-compress bt-sco">
        <path name="incall-rec-downlink-compress" />
    </path>

    <path name="incall-rec-downlink-compress bt-sco-wb">
        <path name="incall-rec-downlink-compress" />
    </path>

    <path name="incall-rec-uplink-and-downlink">
        <path name="incall-rec-uplink" />
        <path name="incall-rec-downlink" />
    </path>

    <path name="incall-rec-uplink-and-downlink bt-sco">
        <path name="incall-rec-uplink-and-downlink" />
    </path>

    <path name="incall-rec-uplink-and-downlink bt-sco-wb">
        <path name="incall-rec-uplink-and-downlink" />
    </path>

    <path name="incall-rec-uplink-and-downlink-compress">
        <path name="incall-rec-uplink-compress" />
        <path name="incall-rec-downlink-compress" />
    </path>

    <path name="incall-rec-uplink-and-downlink-compress bt-sco">
        <path name="incall-rec-uplink-and-downlink-compress" />
    </path>

    <path name="incall-rec-uplink-and-downlink-compress bt-sco-wb">
        <path name="incall-rec-uplink-and-downlink-compress" />
    </path>

    <path name="incall_music_uplink">
       <ctl name="Incall_Music Audio Mixer MultiMedia2" value="1" />
    </path>

    <path name="incall_music_uplink speaker">
        <path name="incall_music_uplink" />
    </path>

    <path name="incall_music_uplink bt-sco">
        <path name="incall_music_uplink" />
    </path>

    <path name="incall_music_uplink bt-sco-wb">
        <path name="incall_music_uplink" />
    </path>

    <path name="incall_music_uplink2">
        <ctl name="Incall_Music_2 Audio Mixer MultiMedia9" value="1" />
    </path>

    <path name="incall_music_uplink2 speaker">
        <path name="incall_music_uplink2" />
    </path>

    <path name="incall_music_uplink2 bt-sco">
        <path name="incall_music_uplink2" />
    </path>

    <path name="incall_music_uplink2 bt-sco-wb">
        <path name="incall_music_uplink2" />
    </path>

    <path name="volte-call">
        <ctl name="QUAT_MI2S_RX_Voice Mixer VoLTE" value="1" />
        <ctl name="VoLTE_Tx Mixer TERT_MI2S_TX_VoLTE" value="1" />
    </path>

    <path name="volte-call speaker">
        <path name="volte-call" />
    </path>

    <path name="volte-call bt-sco">
        <ctl name="SLIM_7_RX_Voice Mixer VoLTE" value="1" />
        <ctl name="VoLTE_Tx Mixer SLIM_7_TX__VoLTE" value="1" />
    </path>

    <path name="volte-call bt-sco-wb">
        <ctl name="BT SampleRate" value="KHZ_16" />
        <path name="volte-call bt-sco" />
    </path>

    <path name="compress-voip-call">
        <ctl name="QUAT_MI2S_RX_Voice Mixer Voip" value="1" />
        <ctl name="Voip_Tx Mixer TERT_MI2S_TX_Voip" value="1" />
    </path>

    <path name="compress-voip-call speaker">
        <path name="compress-voip-call" />
    </path>

    <path name="compress-voip-call bt-sco">
        <ctl name="SLIM_7_RX_Voice Mixer Voip" value="1" />
        <ctl name="Voip_Tx Mixer SLIM_7_TX_Voip" value="1" />
    </path>

    <path name="compress-voip-call bt-sco-wb">
        <ctl name="BT SampleRate" value="KHZ_16" />
        <path name="compress-voip-call bt-sco" />
    </path>

    <!-- These are actual sound device specific mixer settings -->
    <path name="adc1">
        <ctl name="ADC1 Volume" value="6" />
        <ctl name="DEC1 MUX" value="ADC1" />
        <ctl name="ADC1_INP1 Switch" value="1" />
    </path>

    <path name="adc2">
        <ctl name="ADC2 Volume" value="6" />
        <ctl name="DEC1 MUX" value="ADC2" />
    </path>

    <path name="adc3">
        <ctl name="ADC3 Volume" value="6" />
        <ctl name="DEC1 MUX" value="ADC2" />
        <ctl name="ADC2 MUX" value="INP3" />
    </path>

    <path name="dmic0">
        <ctl name='DEC1 MUX' value='DMIC1' />
    </path>

    <path name="dmic1">
        <ctl name='DEC2 MUX' value='DMIC2' />
    </path>

    <path name="speaker">
	<ctl name="mono Profile" value="Music" />
        <ctl name="MI2S_RX Channels" value="One" />
	<ctl name="mono Music Playback Volume" value="3" />
    </path>

    <path name="spkr-rx-calib">
        <ctl name="QUAT_MI2S_RX_DL_HL Switch"  value="1" />
    </path>

    <path name="vi-feedback">
    </path>

    <path name="voice-speaker-protected">
        <path name="speaker-protected" />
    </path>

   <path name="speaker-mic">
        <path name="dmic0" />
        <ctl name="IIR1 INP1 MUX" value="DEC1" />
   </path>

    <path name="handset">
        <ctl name="mono Profile" value="Voice" />
    </path>

    <path name="handset-mic">
        <path name="dmic0" />
    </path>

    <path name="sidetone-iir">
        <ctl name="IIR1 Enable Band1" value="1" />
        <ctl name="IIR1 Enable Band2" value="1" />
        <ctl name="IIR1 Enable Band3" value="1" />
        <ctl name="IIR1 Enable Band4" value="1" />
        <ctl name="IIR1 Enable Band5" value="1" />
    </path>

    <path name="voice-handset">
        <path name="handset" />
    </path>

    <path name="voice-speaker">
        <ctl name="mono Profile" value="Voice" />
        <ctl name="mono Voice Playback Volume" value="3" />
    </path>

    <path name="voice-speaker-mic">
        <path name="speaker-mic" />
    </path>

    <path name="speaker-and-bt-a2dp">
        <path name="speaker" />
        <path name="bt-a2dp" />
    </path>

    <path name="voice-rec-mic">
        <path name="handset-mic" />
    </path>

    <path name="camcorder-mic">
        <path name="handset-mic" />
    </path>

    <path name="bt-sco-headset">
    </path>

    <path name="bt-a2dp">
	<ctl name="SLIM7_RX ADM Channels" value="Two" />
    </path>

    <path name="bt-sco-mic">
    </path>

    <path name="bt-sco-headset-wb">
    </path>

    <path name="bt-sco-mic-wb">
    </path>

    <!-- Dual MIC devices -->
    <path name="speaker-dmic-endfire">
        <ctl name='DEC1 MUX' value='DMIC1' />
        <ctl name='DEC2 MUX' value='DMIC2' />
        <ctl name="MI2S_TX Channels" value="Two" />
    </path>

    <path name="dmic-endfire">
        <path name="speaker-dmic-endfire" />
    </path>

    <path name="voice-dmic-ef-tmus">
        <path name="dmic-endfire" />
    </path>

    <path name="voice-dmic-ef">
        <path name="dmic-endfire" />
    </path>

    <path name="voice-speaker-dmic-ef">
        <path name="dmic-endfire" />
    </path>

    <path name="voice-rec-dmic-ef">
        <path name="dmic-endfire" />
    </path>

    <path name="voice-rec-dmic-ef-fluence">
        <path name="dmic-endfire" />
    </path>

    <path name="handset-stereo-dmic-ef">
        <path name="speaker-dmic-endfire" />
    </path>

    <path name="speaker-stereo-dmic-ef">
        <path name="speaker-dmic-endfire" />
    </path>

    <path name="speaker-dmic-broadside">
        <path name="adc1" />
        <ctl name="ADC3 Volume" value="6" />
        <ctl name="DEC2 MUX" value="ADC2" />
        <ctl name="ADC2 MUX" value="INP3" />
        <ctl name="MI2S_TX Channels" value="Two" />
    </path>

    <path name="dmic-broadside">
        <path name="speaker-dmic-broadside" />
    </path>

    <path name="voice-speaker-dmic-broadside">
        <path name="dmic-broadside"/>
    </path>

    <path name="echo-reference">
        <ctl name="AUDIO_REF_EC_UL1 MUX" value="QUAT_MI2S_RX" />
        <ctl name="EC Reference Channels" value="One"/>
        <ctl name="EC Reference Bit Format" value="S16_LE"/>
        <ctl name="EC Reference SampleRate" value="48000"/>
    </path>

    <!-- TTY devices -->

    <path name="voice-tty-hco-handset">
        <ctl name="TTY Mode" value="HCO" />
        <path name="handset" />
    </path>

    <path name="voice-tty-vco-handset-mic">
        <path name="adc1" />
    </path>

    <path name="unprocessed-handset-mic">
        <path name="handset-mic" />
    </path>

    <path name="unprocessed-mic">
        <path name="unprocessed-handset-mic" />
    </path>

    <path name="ADSP testfwk">
        <ctl name="MI2S_DL_HL Switch" value="1" />
    </path>

    <path name="voice-rx">
    </path>

    <path name="voice-tx">
    </path>

    <path name="voice-speaker-mic-hfp">
        <path name="speaker-mic" />
    </path>

    <path name="voice-speaker-hfp">
        <path name="speaker" />
    </path>

    <!-- VoIP Rx settings -->
    <path name="audio-playback-voip">
        <ctl name="QUAT_MI2S_RX Audio Mixer MultiMedia10" value="1" />
    </path>

    <path name="audio-playback-voip headphones">
        <path name="audio-playback-voip" />
    </path>

    <path name="audio-playback-voip bt-sco">
        <ctl name="SLIMBUS_7_RX Audio Mixer MultiMedia10" value="1" />
    </path>

    <path name="audio-playback-voip bt-sco-wb">
        <path name="audio-playback-voip bt-sco" />
    </path>

    <path name="audio-playback-voip afe-proxy">
        <ctl name="AFE_PCM_RX Audio Mixer MultiMedia10" value="1" />
    </path>

    <path name="audio-playback-voip usb-headphones">
        <path name="audio-playback-voip afe-proxy" />
    </path>

    <path name="audio-playback-voip speaker-and-usb-headphones">
        <path name="audio-playback-voip usb-headphones" />
        <path name="audio-playback-voip" />
    </path>

    <!-- VoIP Tx settings -->
    <path name="audio-record-voip">
        <ctl name="MultiMedia10 Mixer TERT_MI2S_TX" value="1" />
    </path>

    <path name="audio-record-voip bt-sco">
        <ctl name="MultiMedia10 Mixer SLIM_7_TX" value="1" />
    </path>

    <path name="audio-record-voip bt-sco-wb">
        <path name="audio-record-voip bt-sco" />
    </path>

    <path name="audio-record-voip usb-headset-mic">
        <ctl name="MultiMedia10 Mixer AFE_PCM_TX" value="1" />
    </path>

</mixer>
